{"cameraMode":{"drawMode":0,"name":"Shaded","section":"Shading Mode"},"sceneLighting":false,"audioPlay":false,"sceneViewState":{"m_AlwaysRefresh":false,"showFog":true,"showSkybox":false,"showFlares":true,"showImageEffects":true,"showParticleSystems":true,"showVisualEffectGraphs":true,"m_FxEnabled":true},"in2DMode":false,"pivot":{"x":-0.06489228457212448,"y":1.4168590307235718,"z":-1.7971667051315308},"rotation":{"x":0.0452955886721611,"y":0.000865292502567172,"z":-0.00002295316880918108,"w":0.9990059733390808},"size":1.3182318210601807,"orthographic":false}